{
  "auth": {
    "oauth2": {
      "scopes": {
        "https://www.googleapis.com/auth/cloud-platform": {
          "description": "View and manage your data across Google Cloud Platform services"
        },
        "https://www.googleapis.com/auth/datastore": {
          "description": "View and manage your Google Cloud Datastore data"
        }
      }
    }
  },
  "basePath": "",
  "baseUrl": "https://datastore.googleapis.com/",
  "batchPath": "batch",
  "description": "Accesses the schemaless NoSQL database to provide fully managed, robust, scalable storage for your application. ",
  "discoveryVersion": "v1",
  "documentationLink": "https://cloud.google.com/datastore/",
  "icons": {
    "x16": "http://www.google.com/images/icons/product/search-16.gif",
    "x32": "http://www.google.com/images/icons/product/search-32.gif"
  },
  "id": "datastore:v1beta3",
  "kind": "discovery#restDescription",
  "mtlsRootUrl": "https://datastore.mtls.googleapis.com/",
  "name": "datastore",
  "ownerDomain": "google.com",
  "ownerName": "Google",
  "parameters": {
    "$.xgafv": {
      "description": "V1 error format.",
      "enum": [
        "1",
        "2"
      ],
      "enumDescriptions": [
        "v1 error format",
        "v2 error format"
      ],
      "location": "query",
      "type": "string"
    },
    "access_token": {
      "description": "OAuth access token.",
      "location": "query",
      "type": "string"
    },
    "alt": {
      "default": "json",
      "description": "Data format for response.",
      "enum": [
        "json",
        "media",
        "proto"
      ],
      "enumDescriptions": [
        "Responses with Content-Type of application/json",
        "Media download with context-dependent Content-Type",
        "Responses with Content-Type of application/x-protobuf"
      ],
      "location": "query",
      "type": "string"
    },
    "callback": {
      "description": "JSONP",
      "location": "query",
      "type": "string"
    },
    "fields": {
      "description": "Selector specifying which fields to include in a partial response.",
      "location": "query",
      "type": "string"
    },
    "key": {
      "description": "API key. Your API key identifies your project and provides you with API access, quota, and reports. Required unless you provide an OAuth 2.0 token.",
      "location": "query",
      "type": "string"
    },
    "oauth_token": {
      "description": "OAuth 2.0 token for the current user.",
      "location": "query",
      "type": "string"
    },
    "prettyPrint": {
      "default": "true",
      "description": "Returns response with indentations and line breaks.",
      "location": "query",
      "type": "boolean"
    },
    "quotaUser": {
      "description": "Available to use for quota purposes for server-side applications. Can be any arbitrary string assigned to a user, but should not exceed 40 characters.",
      "location": "query",
      "type": "string"
    },
    "uploadType": {
      "description": "Legacy upload protocol for media (e.g. \"media\", \"multipart\").",
      "location": "query",
      "type": "string"
    },
    "upload_protocol": {
      "description": "Upload protocol for media (e.g. \"raw\", \"multipart\").",
      "location": "query",
      "type": "string"
    }
  },
  "protocol": "rest",
  "resources": {
    "projects": {
      "methods": {
        "allocateIds": {
          "description": "Allocates IDs for the given keys, which is useful for referencing an entity before it is inserted.",
          "flatPath": "v1beta3/projects/{projectId}:allocateIds",
          "httpMethod": "POST",
          "id": "datastore.projects.allocateIds",
          "parameterOrder": [
            "projectId"
          ],
          "parameters": {
            "projectId": {
              "description": "Required. The ID of the project against which to make the request.",
              "location": "path",
              "required": true,
              "type": "string"
            }
          },
          "path": "v1beta3/projects/{projectId}:allocateIds",
          "request": {
            "$ref": "AllocateIdsRequest"
          },
          "response": {
            "$ref": "AllocateIdsResponse"
          },
          "scopes": [
            "https://www.googleapis.com/auth/cloud-platform",
            "https://www.googleapis.com/auth/datastore"
          ]
        },
        "beginTransaction": {
          "description": "Begins a new transaction.",
          "flatPath": "v1beta3/projects/{projectId}:beginTransaction",
          "httpMethod": "POST",
          "id": "datastore.projects.beginTransaction",
          "parameterOrder": [
            "projectId"
          ],
          "parameters": {
            "projectId": {
              "description": "Required. The ID of the project against which to make the request.",
              "location": "path",
              "required": true,
              "type": "string"
            }
          },
          "path": "v1beta3/projects/{projectId}:beginTransaction",
          "request": {
            "$ref": "BeginTransactionRequest"
          },
          "response": {
            "$ref": "BeginTransactionResponse"
          },
          "scopes": [
            "https://www.googleapis.com/auth/cloud-platform",
            "https://www.googleapis.com/auth/datastore"
          ]
        },
        "commit": {
          "description": "Commits a transaction, optionally creating, deleting or modifying some entities.",
          "flatPath": "v1beta3/projects/{projectId}:commit",
          "httpMethod": "POST",
          "id": "datastore.projects.commit",
          "parameterOrder": [
            "projectId"
          ],
          "parameters": {
            "projectId": {
              "description": "Required. The ID of the project against which to make the request.",
              "location": "path",
              "required": true,
              "type": "string"
            }
          },
          "path": "v1beta3/projects/{projectId}:commit",
          "request": {
            "$ref": "CommitRequest"
          },
          "response": {
            "$ref": "CommitResponse"
          },
          "scopes": [
            "https://www.googleapis.com/auth/cloud-platform",
            "https://www.googleapis.com/auth/datastore"
          ]
        },
        "lookup": {
          "description": "Looks up entities by key.",
          "flatPath": "v1beta3/projects/{projectId}:lookup",
          "httpMethod": "POST",
          "id": "datastore.projects.lookup",
          "parameterOrder": [
            "projectId"
          ],
          "parameters": {
            "projectId": {
              "description": "Required. The ID of the project against which to make the request.",
              "location": "path",
              "required": true,
              "type": "string"
            }
          },
          "path": "v1beta3/projects/{projectId}:lookup",
          "request": {
            "$ref": "LookupRequest"
          },
          "response": {
            "$ref": "LookupResponse"
          },
          "scopes": [
            "https://www.googleapis.com/auth/cloud-platform",
            "https://www.googleapis.com/auth/datastore"
          ]
        },
        "reserveIds": {
          "description": "Prevents the supplied keys' IDs from being auto-allocated by Cloud Datastore.",
          "flatPath": "v1beta3/projects/{projectId}:reserveIds",
          "httpMethod": "POST",
          "id": "datastore.projects.reserveIds",
          "parameterOrder": [
            "projectId"
          ],
          "parameters": {
            "projectId": {
              "description": "Required. The ID of the project against which to make the request.",
              "location": "path",
              "required": true,
              "type": "string"
            }
          },
          "path": "v1beta3/projects/{projectId}:reserveIds",
          "request": {
            "$ref": "ReserveIdsRequest"
          },
          "response": {
            "$ref": "ReserveIdsResponse"
          },
          "scopes": [
            "https://www.googleapis.com/auth/cloud-platform",
            "https://www.googleapis.com/auth/datastore"
          ]
        },
        "rollback": {
          "description": "Rolls back a transaction.",
          "flatPath": "v1beta3/projects/{projectId}:rollback",
          "httpMethod": "POST",
          "id": "datastore.projects.rollback",
          "parameterOrder": [
            "projectId"
          ],
          "parameters": {
            "projectId": {
              "description": "Required. The ID of the project against which to make the request.",
              "location": "path",
              "required": true,
              "type": "string"
            }
          },
          "path": "v1beta3/projects/{projectId}:rollback",
          "request": {
            "$ref": "RollbackRequest"
          },
          "response": {
            "$ref": "RollbackResponse"
          },
          "scopes": [
            "https://www.googleapis.com/auth/cloud-platform",
            "https://www.googleapis.com/auth/datastore"
          ]
        },
        "runQuery": {
          "description": "Queries for entities.",
          "flatPath": "v1beta3/projects/{projectId}:runQuery",
          "httpMethod": "POST",
          "id": "datastore.projects.runQuery",
          "parameterOrder": [
            "projectId"
          ],
          "parameters": {
            "projectId": {
              "description": "Required. The ID of the project against which to make the request.",
              "location": "path",
              "required": true,
              "type": "string"
            }
          },
          "path": "v1beta3/projects/{projectId}:runQuery",
          "request": {
            "$ref": "RunQueryRequest"
          },
          "response": {
            "$ref": "RunQueryResponse"
          },
          "scopes": [
            "https://www.googleapis.com/auth/cloud-platform",
            "https://www.googleapis.com/auth/datastore"
          ]
        }
      }
    }
  },
  "revision": "20201017",
  "rootUrl": "https://datastore.googleapis.com/",
  "schemas": {
    "AllocateIdsRequest": {
      "description": "The request for Datastore.AllocateIds.",
      "id": "AllocateIdsRequest",
      "properties": {
        "keys": {
          "description": "Required. A list of keys with incomplete key paths for which to allocate IDs. No key may be reserved/read-only.",
          "items": {
            "$ref": "Key"
          },
          "type": "array"
        }
      },
      "type": "object"
    },
    "AllocateIdsResponse": {
      "description": "The response for Datastore.AllocateIds.",
      "id": "AllocateIdsResponse",
      "properties": {
        "keys": {
          "description": "The keys specified in the request (in the same order), each with its key path completed with a newly allocated ID.",
          "items": {
            "$ref": "Key"
          },
          "type": "array"
        }
      },
      "type": "object"
    },
    "ArrayValue": {
      "description": "An array value.",
      "id": "ArrayValue",
      "properties": {
        "values": {
          "description": "Values in the array. The order of values in an array is preserved as long as all values have identical settings for 'exclude_from_indexes'.",
          "items": {
            "$ref": "Value"
          },
          "type": "array"
        }
      },
      "type": "object"
    },
    "BeginTransactionRequest": {
      "description": "The request for Datastore.BeginTransaction.",
      "id": "BeginTransactionRequest",
      "properties": {
        "transactionOptions": {
          "$ref": "TransactionOptions",
          "description": "Options for a new transaction."
        }
      },
      "type": "object"
    },
    "BeginTransactionResponse": {
      "description": "The response for Datastore.BeginTransaction.",
      "id": "BeginTransactionResponse",
      "properties": {
        "transaction": {
          "description": "The transaction identifier (always present).",
          "format": "byte",
          "type": "string"
        }
      },
      "type": "object"
    },
    "CommitRequest": {
      "description": "The request for Datastore.Commit.",
      "id": "CommitRequest",
      "properties": {
        "mode": {
          "description": "The type of commit to perform. Defaults to `TRANSACTIONAL`.",
          "enum": [
            "MODE_UNSPECIFIED",
            "TRANSACTIONAL",
            "NON_TRANSACTIONAL"
          ],
          "enumDescriptions": [
            "Unspecified. This value must not be used.",
            "Transactional: The mutations are either all applied, or none are applied. Learn about transactions [here](https://cloud.google.com/datastore/docs/concepts/transactions).",
            "Non-transactional: The mutations may not apply as all or none."
          ],
          "type": "string"
        },
        "mutations": {
          "description": "The mutations to perform. When mode is `TRANSACTIONAL`, mutations affecting a single entity are applied in order. The following sequences of mutations affecting a single entity are not permitted in a single `Commit` request: - `insert` followed by `insert` - `update` followed by `insert` - `upsert` followed by `insert` - `delete` followed by `update` When mode is `NON_TRANSACTIONAL`, no two mutations may affect a single entity.",
          "items": {
            "$ref": "Mutation"
          },
          "type": "array"
        },
        "transaction": {
          "description": "The identifier of the transaction associated with the commit. A transaction identifier is returned by a call to Datastore.BeginTransaction.",
          "format": "byte",
          "type": "string"
        }
      },
      "type": "object"
    },
    "CommitResponse": {
      "description": "The response for Datastore.Commit.",
      "id": "CommitResponse",
      "properties": {
        "indexUpdates": {
          "description": "The number of index entries updated during the commit, or zero if none were updated.",
          "format": "int32",
          "type": "integer"
        },
        "mutationResults": {
          "description": "The result of performing the mutations. The i-th mutation result corresponds to the i-th mutation in the request.",
          "items": {
            "$ref": "MutationResult"
          },
          "type": "array"
        }
      },
      "type": "object"
    },
    "CompositeFilter": {
      "description": "A filter that merges multiple other filters using the given operator.",
      "id": "CompositeFilter",
      "properties": {
        "filters": {
          "description": "The list of filters to combine. Must contain at least one filter.",
          "items": {
            "$ref": "Filter"
          },
          "type": "array"
        },
        "op": {
          "description": "The operator for combining multiple filters.",
          "enum": [
            "OPERATOR_UNSPECIFIED",
            "AND"
          ],
          "enumDescriptions": [
            "Unspecified. This value must not be used.",
            "The results are required to satisfy each of the combined filters."
          ],
          "type": "string"
        }
      },
      "type": "object"
    },
    "Entity": {
      "description": "A Datastore data object. An entity is limited to 1 megabyte when stored. That _roughly_ corresponds to a limit of 1 megabyte for the serialized form of this message.",
      "id": "Entity",
      "properties": {
        "key": {
          "$ref": "Key",
          "description": "The entity's key. An entity must have a key, unless otherwise documented (for example, an entity in `Value.entity_value` may have no key). An entity's kind is its key path's last element's kind, or null if it has no key."
        },
        "properties": {
          "additionalProperties": {
            "$ref": "Value"
          },
          "description": "The entity's properties. The map's keys are property names. A property name matching regex `__.*__` is reserved. A reserved property name is forbidden in certain documented contexts. The name must not contain more than 500 characters. The name cannot be `\"\"`.",
          "type": "object"
        }
      },
      "type": "object"
    },
    "EntityResult": {
      "description": "The result of fetching an entity from Datastore.",
      "id": "EntityResult",
      "properties": {
        "cursor": {
          "description": "A cursor that points to the position after the result entity. Set only when the `EntityResult` is part of a `QueryResultBatch` message.",
          "format": "byte",
          "type": "string"
        },
        "entity": {
          "$ref": "Entity",
          "description": "The resulting entity."
        },
        "version": {
          "description": "The version of the entity, a strictly positive number that monotonically increases with changes to the entity. This field is set for `FULL` entity results. For missing entities in `LookupResponse`, this is the version of the snapshot that was used to look up the entity, and it is always set except for eventually consistent reads.",
          "format": "int64",
          "type": "string"
        }
      },
      "type": "object"
    },
    "Filter": {
      "description": "A holder for any type of filter.",
      "id": "Filter",
      "properties": {
        "compositeFilter": {
          "$ref": "CompositeFilter",
          "description": "A composite filter."
        },
        "propertyFilter": {
          "$ref": "PropertyFilter",
          "description": "A filter on a property."
        }
      },
      "type": "object"
    },
    "GoogleDatastoreAdminV1CommonMetadata": {
      "description": "Metadata common to all Datastore Admin operations.",
      "id": "GoogleDatastoreAdminV1CommonMetadata",
      "properties": {
        "endTime": {
          "description": "The time the operation ended, either successfully or otherwise.",
          "format": "google-datetime",
          "type": "string"
        },
        "labels": {
          "additionalProperties": {
            "type": "string"
          },
          "description": "The client-assigned labels which were provided when the operation was created. May also include additional labels.",
          "type": "object"
        },
        "operationType": {
          "description": "The type of the operation. Can be used as a filter in ListOperationsRequest.",
          "enum": [
            "OPERATION_TYPE_UNSPECIFIED",
            "EXPORT_ENTITIES",
            "IMPORT_ENTITIES",
            "CREATE_INDEX",
            "DELETE_INDEX"
          ],
          "enumDescriptions": [
            "Unspecified.",
            "ExportEntities.",
            "ImportEntities.",
            "CreateIndex.",
            "DeleteIndex."
          ],
          "type": "string"
        },
        "startTime": {
          "description": "The time that work began on the operation.",
          "format": "google-datetime",
          "type": "string"
        },
        "state": {
          "description": "The current state of the Operation.",
          "enum": [
            "STATE_UNSPECIFIED",
            "INITIALIZING",
            "PROCESSING",
            "CANCELLING",
            "FINALIZING",
            "SUCCESSFUL",
            "FAILED",
            "CANCELLED"
          ],
          "enumDescriptions": [
            "Unspecified.",
            "Request is being prepared for processing.",
            "Request is actively being processed.",
            "Request is in the process of being cancelled after user called google.longrunning.Operations.CancelOperation on the operation.",
            "Request has been processed and is in its finalization stage.",
            "Request has completed successfully.",
            "Request has finished being processed, but encountered an error.",
            "Request has finished being cancelled after user called google.longrunning.Operations.CancelOperation."
          ],
          "type": "string"
        }
      },
      "type": "object"
    },
    "GoogleDatastoreAdminV1EntityFilter": {
      "description": "Identifies a subset of entities in a project. This is specified as combinations of kinds and namespaces (either or both of which may be all, as described in the following examples). Example usage: Entire project: kinds=[], namespace_ids=[] Kinds Foo and Bar in all namespaces: kinds=['Foo', 'Bar'], namespace_ids=[] Kinds Foo and Bar only in the default namespace: kinds=['Foo', 'Bar'], namespace_ids=[''] Kinds Foo and Bar in both the default and Baz namespaces: kinds=['Foo', 'Bar'], namespace_ids=['', 'Baz'] The entire Baz namespace: kinds=[], namespace_ids=['Baz']",
      "id": "GoogleDatastoreAdminV1EntityFilter",
      "properties": {
        "kinds": {
          "description": "If empty, then this represents all kinds.",
          "items": {
            "type": "string"
          },
          "type": "array"
        },
        "namespaceIds": {
          "description": "An empty list represents all namespaces. This is the preferred usage for projects that don't use namespaces. An empty string element represents the default namespace. This should be used if the project has data in non-default namespaces, but doesn't want to include them. Each namespace in this list must be unique.",
          "items": {
            "type": "string"
          },
          "type": "array"
        }
      },
      "type": "object"
    },
    "GoogleDatastoreAdminV1ExportEntitiesMetadata": {
      "description": "Metadata for ExportEntities operations.",
      "id": "GoogleDatastoreAdminV1ExportEntitiesMetadata",
      "properties": {
        "common": {
          "$ref": "GoogleDatastoreAdminV1CommonMetadata",
          "description": "Metadata common to all Datastore Admin operations."
        },
        "entityFilter": {
          "$ref": "GoogleDatastoreAdminV1EntityFilter",
          "description": "Description of which entities are being exported."
        },
        "outputUrlPrefix": {
          "description": "Location for the export metadata and data files. This will be the same value as the google.datastore.admin.v1.ExportEntitiesRequest.output_url_prefix field. The final output location is provided in google.datastore.admin.v1.ExportEntitiesResponse.output_url.",
          "type": "string"
        },
        "progressBytes": {
          "$ref": "GoogleDatastoreAdminV1Progress",
          "description": "An estimate of the number of bytes processed."
        },
        "progressEntities": {
          "$ref": "GoogleDatastoreAdminV1Progress",
          "description": "An estimate of the number of entities processed."
        }
      },
      "type": "object"
    },
    "GoogleDatastoreAdminV1ExportEntitiesResponse": {
      "description": "The response for google.datastore.admin.v1.DatastoreAdmin.ExportEntities.",
      "id": "GoogleDatastoreAdminV1ExportEntitiesResponse",
      "properties": {
        "outputUrl": {
          "description": "Location of the output metadata file. This can be used to begin an import into Cloud Datastore (this project or another project). See google.datastore.admin.v1.ImportEntitiesRequest.input_url. Only present if the operation completed successfully.",
          "type": "string"
        }
      },
      "type": "object"
    },
    "GoogleDatastoreAdminV1ImportEntitiesMetadata": {
      "description": "Metadata for ImportEntities operations.",
      "id": "GoogleDatastoreAdminV1ImportEntitiesMetadata",
      "properties": {
        "common": {
          "$ref": "GoogleDatastoreAdminV1CommonMetadata",
          "description": "Metadata common to all Datastore Admin operations."
        },
        "entityFilter": {
          "$ref": "GoogleDatastoreAdminV1EntityFilter",
          "description": "Description of which entities are being imported."
        },
        "inputUrl": {
          "description": "The location of the import metadata file. This will be the same value as the google.datastore.admin.v1.ExportEntitiesResponse.output_url field.",
          "type": "string"
        },
        "progressBytes": {
          "$ref": "GoogleDatastoreAdminV1Progress",
          "description": "An estimate of the number of bytes processed."
        },
        "progressEntities": {
          "$ref": "GoogleDatastoreAdminV1Progress",
          "description": "An estimate of the number of entities processed."
        }
      },
      "type": "object"
    },
    "GoogleDatastoreAdminV1IndexOperationMetadata": {
      "description": "Metadata for Index operations.",
      "id": "GoogleDatastoreAdminV1IndexOperationMetadata",
      "properties": {
        "common": {
          "$ref": "GoogleDatastoreAdminV1CommonMetadata",
          "description": "Metadata common to all Datastore Admin operations."
        },
        "indexId": {
          "description": "The index resource ID that this operation is acting on.",
          "type": "string"
        },
        "progressEntities": {
          "$ref": "GoogleDatastoreAdminV1Progress",
          "description": "An estimate of the number of entities processed."
        }
      },
      "type": "object"
    },
    "GoogleDatastoreAdminV1Progress": {
      "description": "Measures the progress of a particular metric.",
      "id": "GoogleDatastoreAdminV1Progress",
      "properties": {
        "workCompleted": {
          "description": "The amount of work that has been completed. Note that this may be greater than work_estimated.",
          "format": "int64",
          "type": "string"
        },
        "workEstimated": {
          "description": "An estimate of how much work needs to be performed. May be zero if the work estimate is unavailable.",
          "format": "int64",
          "type": "string"
        }
      },
      "type": "object"
    },
    "GoogleDatastoreAdminV1beta1CommonMetadata": {
      "description": "Metadata common to all Datastore Admin operations.",
      "id": "GoogleDatastoreAdminV1beta1CommonMetadata",
      "properties": {
        "endTime": {
          "description": "The time the operation ended, either successfully or otherwise.",
          "format": "google-datetime",
          "type": "string"
        },
        "labels": {
          "additionalProperties": {
            "type": "string"
          },
          "description": "The client-assigned labels which were provided when the operation was created. May also include additional labels.",
          "type": "object"
        },
        "operationType": {
          "description": "The type of the operation. Can be used as a filter in ListOperationsRequest.",
          "enum": [
            "OPERATION_TYPE_UNSPECIFIED",
            "EXPORT_ENTITIES",
            "IMPORT_ENTITIES"
          ],
          "enumDescriptions": [
            "Unspecified.",
            "ExportEntities.",
            "ImportEntities."
          ],
          "type": "string"
        },
        "startTime": {
          "description": "The time that work began on the operation.",
          "format": "google-datetime",
          "type": "string"
        },
        "state": {
          "description": "The current state of the Operation.",
          "enum": [
            "STATE_UNSPECIFIED",
            "INITIALIZING",
            "PROCESSING",
            "CANCELLING",
            "FINALIZING",
            "SUCCESSFUL",
            "FAILED",
            "CANCELLED"
          ],
          "enumDescriptions": [
            "Unspecified.",
            "Request is being prepared for processing.",
            "Request is actively being processed.",
            "Request is in the process of being cancelled after user called google.longrunning.Operations.CancelOperation on the operation.",
            "Request has been processed and is in its finalization stage.",
            "Request has completed successfully.",
            "Request has finished being processed, but encountered an error.",
            "Request has finished being cancelled after user called google.longrunning.Operations.CancelOperation."
          ],
          "type": "string"
        }
      },
      "type": "object"
    },
    "GoogleDatastoreAdminV1beta1EntityFilter": {
      "description": "Identifies a subset of entities in a project. This is specified as combinations of kinds and namespaces (either or both of which may be all, as described in the following examples). Example usage: Entire project: kinds=[], namespace_ids=[] Kinds Foo and Bar in all namespaces: kinds=['Foo', 'Bar'], namespace_ids=[] Kinds Foo and Bar only in the default namespace: kinds=['Foo', 'Bar'], namespace_ids=[''] Kinds Foo and Bar in both the default and Baz namespaces: kinds=['Foo', 'Bar'], namespace_ids=['', 'Baz'] The entire Baz namespace: kinds=[], namespace_ids=['Baz']",
      "id": "GoogleDatastoreAdminV1beta1EntityFilter",
      "properties": {
        "kinds": {
          "description": "If empty, then this represents all kinds.",
          "items": {
            "type": "string"
          },
          "type": "array"
        },
        "namespaceIds": {
          "description": "An empty list represents all namespaces. This is the preferred usage for projects that don't use namespaces. An empty string element represents the default namespace. This should be used if the project has data in non-default namespaces, but doesn't want to include them. Each namespace in this list must be unique.",
          "items": {
            "type": "string"
          },
          "type": "array"
        }
      },
      "type": "object"
    },
    "GoogleDatastoreAdminV1beta1ExportEntitiesMetadata": {
      "description": "Metadata for ExportEntities operations.",
      "id": "GoogleDatastoreAdminV1beta1ExportEntitiesMetadata",
      "properties": {
        "common": {
          "$ref": "GoogleDatastoreAdminV1beta1CommonMetadata",
          "description": "Metadata common to all Datastore Admin operations."
        },
        "entityFilter": {
          "$ref": "GoogleDatastoreAdminV1beta1EntityFilter",
          "description": "Description of which entities are being exported."
        },
        "outputUrlPrefix": {
          "description": "Location for the export metadata and data files. This will be the same value as the google.datastore.admin.v1beta1.ExportEntitiesRequest.output_url_prefix field. The final output location is provided in google.datastore.admin.v1beta1.ExportEntitiesResponse.output_url.",
          "type": "string"
        },
        "progressBytes": {
          "$ref": "GoogleDatastoreAdminV1beta1Progress",
          "description": "An estimate of the number of bytes processed."
        },
        "progressEntities": {
          "$ref": "GoogleDatastoreAdminV1beta1Progress",
          "description": "An estimate of the number of entities processed."
        }
      },
      "type": "object"
    },
    "GoogleDatastoreAdminV1beta1ExportEntitiesResponse": {
      "description": "The response for google.datastore.admin.v1beta1.DatastoreAdmin.ExportEntities.",
      "id": "GoogleDatastoreAdminV1beta1ExportEntitiesResponse",
      "properties": {
        "outputUrl": {
          "description": "Location of the output metadata file. This can be used to begin an import into Cloud Datastore (this project or another project). See google.datastore.admin.v1beta1.ImportEntitiesRequest.input_url. Only present if the operation completed successfully.",
          "type": "string"
        }
      },
      "type": "object"
    },
    "GoogleDatastoreAdminV1beta1ImportEntitiesMetadata": {
      "description": "Metadata for ImportEntities operations.",
      "id": "GoogleDatastoreAdminV1beta1ImportEntitiesMetadata",
      "properties": {
        "common": {
          "$ref": "GoogleDatastoreAdminV1beta1CommonMetadata",
          "description": "Metadata common to all Datastore Admin operations."
        },
        "entityFilter": {
          "$ref": "GoogleDatastoreAdminV1beta1EntityFilter",
          "description": "Description of which entities are being imported."
        },
        "inputUrl": {
          "description": "The location of the import metadata file. This will be the same value as the google.datastore.admin.v1beta1.ExportEntitiesResponse.output_url field.",
          "type": "string"
        },
        "progressBytes": {
          "$ref": "GoogleDatastoreAdminV1beta1Progress",
          "description": "An estimate of the number of bytes processed."
        },
        "progressEntities": {
          "$ref": "GoogleDatastoreAdminV1beta1Progress",
          "description": "An estimate of the number of entities processed."
        }
      },
      "type": "object"
    },
    "GoogleDatastoreAdminV1beta1Progress": {
      "description": "Measures the progress of a particular metric.",
      "id": "GoogleDatastoreAdminV1beta1Progress",
      "properties": {
        "workCompleted": {
          "description": "The amount of work that has been completed. Note that this may be greater than work_estimated.",
          "format": "int64",
          "type": "string"
        },
        "workEstimated": {
          "description": "An estimate of how much work needs to be performed. May be zero if the work estimate is unavailable.",
          "format": "int64",
          "type": "string"
        }
      },
      "type": "object"
    },
    "GqlQuery": {
      "description": "A [GQL query](https://cloud.google.com/datastore/docs/apis/gql/gql_reference).",
      "id": "GqlQuery",
      "properties": {
        "allowLiterals": {
          "description": "When false, the query string must not contain any literals and instead must bind all values. For example, `SELECT * FROM Kind WHERE a = 'string literal'` is not allowed, while `SELECT * FROM Kind WHERE a = @value` is.",
          "type": "boolean"
        },
        "namedBindings": {
          "additionalProperties": {
            "$ref": "GqlQueryParameter"
          },
          "description": "For each non-reserved named binding site in the query string, there must be a named parameter with that name, but not necessarily the inverse. Key must match regex `A-Za-z_$*`, must not match regex `__.*__`, and must not be `\"\"`.",
          "type": "object"
        },
        "positionalBindings": {
          "description": "Numbered binding site @1 references the first numbered parameter, effectively using 1-based indexing, rather than the usual 0. For each binding site numbered i in `query_string`, there must be an i-th numbered parameter. The inverse must also be true.",
          "items": {
            "$ref": "GqlQueryParameter"
          },
          "type": "array"
        },
        "queryString": {
          "description": "A string of the format described [here](https://cloud.google.com/datastore/docs/apis/gql/gql_reference).",
          "type": "string"
        }
      },
      "type": "object"
    },
    "GqlQueryParameter": {
      "description": "A binding parameter for a GQL query.",
      "id": "GqlQueryParameter",
      "properties": {
        "cursor": {
          "description": "A query cursor. Query cursors are returned in query result batches.",
          "format": "byte",
          "type": "string"
        },
        "value": {
          "$ref": "Value",
          "description": "A value parameter."
        }
      },
      "type": "object"
    },
    "Key": {
      "description": "A unique identifier for an entity. If a key's partition ID or any of its path kinds or names are reserved/read-only, the key is reserved/read-only. A reserved/read-only key is forbidden in certain documented contexts.",
      "id": "Key",
      "properties": {
        "partitionId": {
          "$ref": "PartitionId",
          "description": "Entities are partitioned into subsets, currently identified by a project ID and namespace ID. Queries are scoped to a single partition."
        },
        "path": {
          "description": "The entity path. An entity path consists of one or more elements composed of a kind and a string or numerical identifier, which identify entities. The first element identifies a _root entity_, the second element identifies a _child_ of the root entity, the third element identifies a child of the second entity, and so forth. The entities identified by all prefixes of the path are called the element's _ancestors_. An entity path is always fully complete: *all* of the entity's ancestors are required to be in the path along with the entity identifier itself. The only exception is that in some documented cases, the identifier in the last path element (for the entity) itself may be omitted. For example, the last path element of the key of `Mutation.insert` may have no identifier. A path can never be empty, and a path can have at most 100 elements.",
          "items": {
            "$ref": "PathElement"
          },
          "type": "array"
        }
      },
      "type": "object"
    },
    "KindExpression": {
      "description": "A representation of a kind.",
      "id": "KindExpression",
      "properties": {
        "name": {
          "description": "The name of the kind.",
          "type": "string"
        }
      },
      "type": "object"
    },
    "LatLng": {
      "description": "An object that represents a latitude/longitude pair. This is expressed as a pair of doubles to represent degrees latitude and degrees longitude. Unless specified otherwise, this must conform to the WGS84 standard. Values must be within normalized ranges.",
      "id": "LatLng",
      "properties": {
        "latitude": {
          "description": "The latitude in degrees. It must be in the range [-90.0, +90.0].",
          "format": "double",
          "type": "number"
        },
        "longitude": {
          "description": "The longitude in degrees. It must be in the range [-180.0, +180.0].",
          "format": "double",
          "type": "number"
        }
      },
      "type": "object"
    },
    "LookupRequest": {
      "description": "The request for Datastore.Lookup.",
      "id": "LookupRequest",
      "properties": {
        "keys": {
          "description": "Required. Keys of entities to look up.",
          "items": {
            "$ref": "Key"
          },
          "type": "array"
        },
        "readOptions": {
          "$ref": "ReadOptions",
          "description": "The options for this lookup request."
        }
      },
      "type": "object"
    },
    "LookupResponse": {
      "description": "The response for Datastore.Lookup.",
      "id": "LookupResponse",
      "properties": {
        "deferred": {
          "description": "A list of keys that were not looked up due to resource constraints. The order of results in this field is undefined and has no relation to the order of the keys in the input.",
          "items": {
            "$ref": "Key"
          },
          "type": "array"
        },
        "found": {
          "description": "Entities found as `ResultType.FULL` entities. The order of results in this field is undefined and has no relation to the order of the keys in the input.",
          "items": {
            "$ref": "EntityResult"
          },
          "type": "array"
        },
        "missing": {
          "description": "Entities not found as `ResultType.KEY_ONLY` entities. The order of results in this field is undefined and has no relation to the order of the keys in the input.",
          "items": {
            "$ref": "EntityResult"
          },
          "type": "array"
        }
      },
      "type": "object"
    },
    "Mutation": {
      "description": "A mutation to apply to an entity.",
      "id": "Mutation",
      "properties": {
        "baseVersion": {
          "description": "The version of the entity that this mutation is being applied to. If this does not match the current version on the server, the mutation conflicts.",
          "format": "int64",
          "type": "string"
        },
        "delete": {
          "$ref": "Key",
          "description": "The key of the entity to delete. The entity may or may not already exist. Must have a complete key path and must not be reserved/read-only."
        },
        "insert": {
          "$ref": "Entity",
          "description": "The entity to insert. The entity must not already exist. The entity key's final path element may be incomplete."
        },
        "update": {
          "$ref": "Entity",
          "description": "The entity to update. The entity must already exist. Must have a complete key path."
        },
        "upsert": {
          "$ref": "Entity",
          "description": "The entity to upsert. The entity may or may not already exist. The entity key's final path element may be incomplete."
        }
      },
      "type": "object"
    },
    "MutationResult": {
      "description": "The result of applying a mutation.",
      "id": "MutationResult",
      "properties": {
        "conflictDetected": {
          "description": "Whether a conflict was detected for this mutation. Always false when a conflict detection strategy field is not set in the mutation.",
          "type": "boolean"
        },
        "key": {
          "$ref": "Key",
          "description": "The automatically allocated key. Set only when the mutation allocated a key."
        },
        "version": {
          "description": "The version of the entity on the server after processing the mutation. If the mutation doesn't change anything on the server, then the version will be the version of the current entity or, if no entity is present, a version that is strictly greater than the version of any previous entity and less than the version of any possible future entity.",
          "format": "int64",
          "type": "string"
        }
      },
      "type": "object"
    },
    "PartitionId": {
      "description": "A partition ID identifies a grouping of entities. The grouping is always by project and namespace, however the namespace ID may be empty. A partition ID contains several dimensions: project ID and namespace ID. Partition dimensions: - May be `\"\"`. - Must be valid UTF-8 bytes. - Must have values that match regex `[A-Za-z\\d\\.\\-_]{1,100}` If the value of any dimension matches regex `__.*__`, the partition is reserved/read-only. A reserved/read-only partition ID is forbidden in certain documented contexts. Foreign partition IDs (in which the project ID does not match the context project ID ) are discouraged. Reads and writes of foreign partition IDs may fail if the project is not in an active state.",
      "id": "PartitionId",
      "properties": {
        "namespaceId": {
          "description": "If not empty, the ID of the namespace to which the entities belong.",
          "type": "string"
        },
        "projectId": {
          "description": "The ID of the project to which the entities belong.",
          "type": "string"
        }
      },
      "type": "object"
    },
    "PathElement": {
      "description": "A (kind, ID/name) pair used to construct a key path. If either name or ID is set, the element is complete. If neither is set, the element is incomplete.",
      "id": "PathElement",
      "properties": {
        "id": {
          "description": "The auto-allocated ID of the entity. Never equal to zero. Values less than zero are discouraged and may not be supported in the future.",
          "format": "int64",
          "type": "string"
        },
        "kind": {
          "description": "The kind of the entity. A kind matching regex `__.*__` is reserved/read-only. A kind must not contain more than 1500 bytes when UTF-8 encoded. Cannot be `\"\"`.",
          "type": "string"
        },
        "name": {
          "description": "The name of the entity. A name matching regex `__.*__` is reserved/read-only. A name must not be more than 1500 bytes when UTF-8 encoded. Cannot be `\"\"`.",
          "type": "string"
        }
      },
      "type": "object"
    },
    "Projection": {
      "description": "A representation of a property in a projection.",
      "id": "Projection",
      "properties": {
        "property": {
          "$ref": "PropertyReference",
          "description": "The property to project."
        }
      },
      "type": "object"
    },
    "PropertyFilter": {
      "description": "A filter on a specific property.",
      "id": "PropertyFilter",
      "properties": {
        "op": {
          "description": "The operator to filter by.",
          "enum": [
            "OPERATOR_UNSPECIFIED",
            "LESS_THAN",
            "LESS_THAN_OR_EQUAL",
            "GREATER_THAN",
            "GREATER_THAN_OR_EQUAL",
            "EQUAL",
            "HAS_ANCESTOR"
          ],
          "enumDescriptions": [
            "Unspecified. This value must not be used.",
            "Less than.",
            "Less than or equal.",
            "Greater than.",
            "Greater than or equal.",
            "Equal.",
            "Has ancestor."
          ],
          "type": "string"
        },
        "property": {
          "$ref": "PropertyReference",
          "description": "The property to filter by."
        },
        "value": {
          "$ref": "Value",
          "description": "The value to compare the property to."
        }
      },
      "type": "object"
    },
    "PropertyOrder": {
      "description": "The desired order for a specific property.",
      "id": "PropertyOrder",
      "properties": {
        "direction": {
          "description": "The direction to order by. Defaults to `ASCENDING`.",
          "enum": [
            "DIRECTION_UNSPECIFIED",
            "ASCENDING",
            "DESCENDING"
          ],
          "enumDescriptions": [
            "Unspecified. This value must not be used.",
            "Ascending.",
            "Descending."
          ],
          "type": "string"
        },
        "property": {
          "$ref": "PropertyReference",
          "description": "The property to order by."
        }
      },
      "type": "object"
    },
    "PropertyReference": {
      "description": "A reference to a property relative to the kind expressions.",
      "id": "PropertyReference",
      "properties": {
        "name": {
          "description": "The name of the property. If name includes \".\"s, it may be interpreted as a property name path.",
          "type": "string"
        }
      },
      "type": "object"
    },
    "Query": {
      "description": "A query for entities.",
      "id": "Query",
      "properties": {
        "distinctOn": {
          "description": "The properties to make distinct. The query results will contain the first result for each distinct combination of values for the given properties (if empty, all results are returned).",
          "items": {
            "$ref": "PropertyReference"
          },
          "type": "array"
        },
        "endCursor": {
          "description": "An ending point for the query results. Query cursors are returned in query result batches and [can only be used to limit the same query](https://cloud.google.com/datastore/docs/concepts/queries#cursors_limits_and_offsets).",
          "format": "byte",
          "type": "string"
        },
        "filter": {
          "$ref": "Filter",
          "description": "The filter to apply."
        },
        "kind": {
          "description": "The kinds to query (if empty, returns entities of all kinds). Currently at most 1 kind may be specified.",
          "items": {
            "$ref": "KindExpression"
          },
          "type": "array"
        },
        "limit": {
          "description": "The maximum number of results to return. Applies after all other constraints. Optional. Unspecified is interpreted as no limit. Must be \u003e= 0 if specified.",
          "format": "int32",
          "type": "integer"
        },
        "offset": {
          "description": "The number of results to skip. Applies before limit, but after all other constraints. Optional. Must be \u003e= 0 if specified.",
          "format": "int32",
          "type": "integer"
        },
        "order": {
          "description": "The order to apply to the query results (if empty, order is unspecified).",
          "items": {
            "$ref": "PropertyOrder"
          },
          "type": "array"
        },
        "projection": {
          "description": "The projection to return. Defaults to returning all properties.",
          "items": {
            "$ref": "Projection"
          },
          "type": "array"
        },
        "startCursor": {
          "description": "A starting point for the query results. Query cursors are returned in query result batches and [can only be used to continue the same query](https://cloud.google.com/datastore/docs/concepts/queries#cursors_limits_and_offsets).",
          "format": "byte",
          "type": "string"
        }
      },
      "type": "object"
    },
    "QueryResultBatch": {
      "description": "A batch of results produced by a query.",
      "id": "QueryResultBatch",
      "properties": {
        "endCursor": {
          "description": "A cursor that points to the position after the last result in the batch.",
          "format": "byte",
          "type": "string"
        },
        "entityResultType": {
          "description": "The result type for every entity in `entity_results`.",
          "enum": [
            "RESULT_TYPE_UNSPECIFIED",
            "FULL",
            "PROJECTION",
            "KEY_ONLY"
          ],
          "enumDescriptions": [
            "Unspecified. This value is never used.",
            "The key and properties.",
            "A projected subset of properties. The entity may have no key.",
            "Only the key."
          ],
          "type": "string"
        },
        "entityResults": {
          "description": "The results for this batch.",
          "items": {
            "$ref": "EntityResult"
          },
          "type": "array"
        },
        "moreResults": {
          "description": "The state of the query after the current batch.",
          "enum": [
            "MORE_RESULTS_TYPE_UNSPECIFIED",
            "NOT_FINISHED",
            "MORE_RESULTS_AFTER_LIMIT",
            "MORE_RESULTS_AFTER_CURSOR",
            "NO_MORE_RESULTS"
          ],
          "enumDescriptions": [
            "Unspecified. This value is never used.",
            "There may be additional batches to fetch from this query.",
            "The query is finished, but there may be more results after the limit.",
            "The query is finished, but there may be more results after the end cursor.",
            "The query is finished, and there are no more results."
          ],
          "type": "string"
        },
        "skippedCursor": {
          "description": "A cursor that points to the position after the last skipped result. Will be set when `skipped_results` != 0.",
          "format": "byte",
          "type": "string"
        },
        "skippedResults": {
          "description": "The number of results skipped, typically because of an offset.",
          "format": "int32",
          "type": "integer"
        },
        "snapshotVersion": {
          "description": "The version number of the snapshot this batch was returned from. This applies to the range of results from the query's `start_cursor` (or the beginning of the query if no cursor was given) to this batch's `end_cursor` (not the query's `end_cursor`). In a single transaction, subsequent query result batches for the same query can have a greater snapshot version number. Each batch's snapshot version is valid for all preceding batches. The value will be zero for eventually consistent queries.",
          "format": "int64",
          "type": "string"
        }
      },
      "type": "object"
    },
    "ReadOnly": {
      "description": "Options specific to read-only transactions.",
      "id": "ReadOnly",
      "properties": {},
      "type": "object"
    },
    "ReadOptions": {
      "description": "The options shared by read requests.",
      "id": "ReadOptions",
      "properties": {
        "readConsistency": {
          "description": "The non-transactional read consistency to use. Cannot be set to `STRONG` for global queries.",
          "enum": [
            "READ_CONSISTENCY_UNSPECIFIED",
            "STRONG",
            "EVENTUAL"
          ],
          "enumDescriptions": [
            "Unspecified. This value must not be used.",
            "Strong consistency.",
            "Eventual consistency."
          ],
          "type": "string"
        },
        "transaction": {
          "description": "The identifier of the transaction in which to read. A transaction identifier is returned by a call to Datastore.BeginTransaction.",
          "format": "byte",
          "type": "string"
        }
      },
      "type": "object"
    },
    "ReadWrite": {
      "description": "Options specific to read / write transactions.",
      "id": "ReadWrite",
      "properties": {
        "previousTransaction": {
          "description": "The transaction identifier of the transaction being retried.",
          "format": "byte",
          "type": "string"
        }
      },
      "type": "object"
    },
    "ReserveIdsRequest": {
      "description": "The request for Datastore.ReserveIds.",
      "id": "ReserveIdsRequest",
      "properties": {
        "databaseId": {
          "description": "If not empty, the ID of the database against which to make the request.",
          "type": "string"
        },
        "keys": {
          "description": "Required. A list of keys with complete key paths whose numeric IDs should not be auto-allocated.",
          "items": {
            "$ref": "Key"
          },
          "type": "array"
        }
      },
      "type": "object"
    },
    "ReserveIdsResponse": {
      "description": "The response for Datastore.ReserveIds.",
      "id": "ReserveIdsResponse",
      "properties": {},
      "type": "object"
    },
    "RollbackRequest": {
      "description": "The request for Datastore.Rollback.",
      "id": "RollbackRequest",
      "properties": {
        "transaction": {
          "description": "Required. The transaction identifier, returned by a call to Datastore.BeginTransaction.",
          "format": "byte",
          "type": "string"
        }
      },
      "type": "object"
    },
    "RollbackResponse": {
      "description": "The response for Datastore.Rollback. (an empty message).",
      "id": "RollbackResponse",
      "properties": {},
      "type": "object"
    },
    "RunQueryRequest": {
      "description": "The request for Datastore.RunQuery.",
      "id": "RunQueryRequest",
      "properties": {
        "gqlQuery": {
          "$ref": "GqlQuery",
          "description": "The GQL query to run."
        },
        "partitionId": {
          "$ref": "PartitionId",
          "description": "Entities are partitioned into subsets, identified by a partition ID. Queries are scoped to a single partition. This partition ID is normalized with the standard default context partition ID."
        },
        "query": {
          "$ref": "Query",
          "description": "The query to run."
        },
        "readOptions": {
          "$ref": "ReadOptions",
          "description": "The options for this query."
        }
      },
      "type": "object"
    },
    "RunQueryResponse": {
      "description": "The response for Datastore.RunQuery.",
      "id": "RunQueryResponse",
      "properties": {
        "batch": {
          "$ref": "QueryResultBatch",
          "description": "A batch of query results (always present)."
        },
        "query": {
          "$ref": "Query",
          "description": "The parsed form of the `GqlQuery` from the request, if it was set."
        }
      },
      "type": "object"
    },
    "TransactionOptions": {
      "description": "Options for beginning a new transaction. Transactions can be created explicitly with calls to Datastore.BeginTransaction or implicitly by setting ReadOptions.new_transaction in read requests.",
      "id": "TransactionOptions",
      "properties": {
        "readOnly": {
          "$ref": "ReadOnly",
          "description": "The transaction should only allow reads."
        },
        "readWrite": {
          "$ref": "ReadWrite",
          "description": "The transaction should allow both reads and writes."
        }
      },
      "type": "object"
    },
    "Value": {
      "description": "A message that can hold any of the supported value types and associated metadata.",
      "id": "Value",
      "properties": {
        "arrayValue": {
          "$ref": "ArrayValue",
          "description": "An array value. Cannot contain another array value. A `Value` instance that sets field `array_value` must not set fields `meaning` or `exclude_from_indexes`."
        },
        "blobValue": {
          "description": "A blob value. May have at most 1,000,000 bytes. When `exclude_from_indexes` is false, may have at most 1500 bytes. In JSON requests, must be base64-encoded.",
          "format": "byte",
          "type": "string"
        },
        "booleanValue": {
          "description": "A boolean value.",
          "type": "boolean"
        },
        "doubleValue": {
          "description": "A double value.",
          "format": "double",
          "type": "number"
        },
        "entityValue": {
          "$ref": "Entity",
          "description": "An entity value. - May have no key. - May have a key with an incomplete key path. - May have a reserved/read-only key."
        },
        "excludeFromIndexes": {
          "description": "If the value should be excluded from all indexes including those defined explicitly.",
          "type": "boolean"
        },
        "geoPointValue": {
          "$ref": "LatLng",
          "description": "A geo point value representing a point on the surface of Earth."
        },
        "integerValue": {
          "description": "An integer value.",
          "format": "int64",
          "type": "string"
        },
        "keyValue": {
          "$ref": "Key",
          "description": "A key value."
        },
        "meaning": {
          "description": "The `meaning` field should only be populated for backwards compatibility.",
          "format": "int32",
          "type": "integer"
        },
        "nullValue": {
          "description": "A null value.",
          "enum": [
            "NULL_VALUE"
          ],
          "enumDescriptions": [
            "Null value."
          ],
          "type": "string"
        },
        "stringValue": {
          "description": "A UTF-8 encoded string value. When `exclude_from_indexes` is false (it is indexed) , may have at most 1500 bytes. Otherwise, may be set to at most 1,000,000 bytes.",
          "type": "string"
        },
        "timestampValue": {
          "description": "A timestamp value. When stored in the Datastore, precise only to microseconds; any additional precision is rounded down.",
          "format": "google-datetime",
          "type": "string"
        }
      },
      "type": "object"
    }
  },
  "servicePath": "",
  "title": "Cloud Datastore API",
  "version": "v1beta3",
  "version_module": true
}