{
  "schema": "1.0",
  "comment": "This file maps proto services/RPCs to the corresponding library clients/methods.",
  "language": "go",
  "protoPackage": "google.cloud.datacatalog.v1",
  "libraryPackage": "cloud.google.com/go/datacatalog/apiv1",
  "services": {
    "DataCatalog": {
      "clients": {
        "grpc": {
          "libraryClient": "Client",
          "rpcs": {
            "CreateEntry": {
              "methods": [
                "CreateEntry"
              ]
            },
            "CreateEntryGroup": {
              "methods": [
                "CreateEntryGroup"
              ]
            },
            "CreateTag": {
              "methods": [
                "CreateTag"
              ]
            },
            "CreateTagTemplate": {
              "methods": [
                "CreateTagTemplate"
              ]
            },
            "CreateTagTemplateField": {
              "methods": [
                "CreateTagTemplateField"
              ]
            },
            "DeleteEntry": {
              "methods": [
                "DeleteEntry"
              ]
            },
            "DeleteEntryGroup": {
              "methods": [
                "DeleteEntryGroup"
              ]
            },
            "DeleteTag": {
              "methods": [
                "DeleteTag"
              ]
            },
            "DeleteTagTemplate": {
              "methods": [
                "DeleteTagTemplate"
              ]
            },
            "DeleteTagTemplateField": {
              "methods": [
                "DeleteTagTemplateField"
              ]
            },
            "GetEntry": {
              "methods": [
                "GetEntry"
              ]
            },
            "GetEntryGroup": {
              "methods": [
                "GetEntryGroup"
              ]
            },
            "GetIamPolicy": {
              "methods": [
                "GetIamPolicy"
              ]
            },
            "GetTagTemplate": {
              "methods": [
                "GetTagTemplate"
              ]
            },
            "ListEntries": {
              "methods": [
                "ListEntries"
              ]
            },
            "ListEntryGroups": {
              "methods": [
                "ListEntryGroups"
              ]
            },
            "ListTags": {
              "methods": [
                "ListTags"
              ]
            },
            "LookupEntry": {
              "methods": [
                "LookupEntry"
              ]
            },
            "RenameTagTemplateField": {
              "methods": [
                "RenameTagTemplateField"
              ]
            },
            "SearchCatalog": {
              "methods": [
                "SearchCatalog"
              ]
            },
            "SetIamPolicy": {
              "methods": [
                "SetIamPolicy"
              ]
            },
            "TestIamPermissions": {
              "methods": [
                "TestIamPermissions"
              ]
            },
            "UpdateEntry": {
              "methods": [
                "UpdateEntry"
              ]
            },
            "UpdateEntryGroup": {
              "methods": [
                "UpdateEntryGroup"
              ]
            },
            "UpdateTag": {
              "methods": [
                "UpdateTag"
              ]
            },
            "UpdateTagTemplate": {
              "methods": [
                "UpdateTagTemplate"
              ]
            },
            "UpdateTagTemplateField": {
              "methods": [
                "UpdateTagTemplateField"
              ]
            }
          }
        }
      }
    }
  }
}
